source,target,value
A'Karonys,Anomander Rake,5
A'Karonys,Bellurdan,10
A'Karonys,Calot,15
A'Karonys,Dujek Onearm,6
A'Karonys,Hairlock,12
A'Karonys,Nightchill,8
A'Karonys,Tattersail,26
A'Karonys,Tayschrenn,13
Anomander Rake,Baruk,234
Anomander Rake,Bellurdan,9
Anomander Rake,Boruld,5
Anomander Rake,Caladan Brood,94
Anomander Rake,Calot,46
Anomander Rake,Challice D'Arle,3
Anomander Rake,Coll,2
Anomander Rake,Crokus Younghand,31
Anomander Rake,Crone,73
Anomander Rake,D'rek,8
Anomander Rake,Dashtal,5
Anomander Rake,Derudan,12
Anomander Rake,Dessembrae,8
Anomander Rake,Doan,4
Anomander Rake,Dujek Onearm,21
Anomander Rake,Eel,12
Anomander Rake,Estraysian D'Arle,9
Anomander Rake,Fiddler,2
Anomander Rake,Ganoes Stabro Paran,85
Anomander Rake,Gear,8
Anomander Rake,Hairlock,58
Anomander Rake,Hood,7
Anomander Rake,Hurtle,9
Anomander Rake,Icarium,10
Anomander Rake,Jorrick Sharplance,11
Anomander Rake,K'azz D'Avore,7
Anomander Rake,K'rul,13
Anomander Rake,Kalam,8
Anomander Rake,Kallor,11
Anomander Rake,Kin Clip,5
Anomander Rake,Kruppe,29
Anomander Rake,Lady Orr,15
Anomander Rake,Lady of Beggars,9
Anomander Rake,Laseen,31
Anomander Rake,Logros,2
Anomander Rake,Lord of the Galayn,20
Anomander Rake,Lorn,18
Anomander Rake,Mammot,46
Anomander Rake,Mother Dark,4
Anomander Rake,Napan tutor,2
Anomander Rake,Nedurian,3
Anomander Rake,Nightchill,5
Anomander Rake,Oponn,52
Anomander Rake,Osserc,9
Anomander Rake,Quick Ben,13
Anomander Rake,Rallick Nom,18
Anomander Rake,Roald,15
Anomander Rake,Rood,4
Anomander Rake,Scurve,2
Anomander Rake,Serrat,20
Anomander Rake,Shadowthrone Ammanas,12
Anomander Rake,Silanah,8
Anomander Rake,Simtal,8
Anomander Rake,Tattersail,79
Anomander Rake,Tayschrenn,52
Anomander Rake,Turban Orr,21
Anomander Rake,Vorcan,19
Anomander Rake,Whiskeyjack,6
Antsy,Ganoes Stabro Paran,29
Antsy,Hedge,12
Antsy,Kalam,2
Antsy,Lorn,7
Antsy,Mallet,2
Antsy,Picker,19
Apsalar,Baruk,8
Apsalar,Caladan Brood,4
Apsalar,Challice D'Arle,22
Apsalar,Chert,3
Apsalar,Circle Breaker,2
Apsalar,Coll,12
Apsalar,Crokus Younghand,132
Apsalar,Dujek Onearm,6
Apsalar,Eel,4
Apsalar,Estraysian D'Arle,11
Apsalar,Fiddler,8
Apsalar,Ganoes Stabro Paran,23
Apsalar,Gorlas Vidikas,6
Apsalar,Grallin,8
Apsalar,Hedge,3
Apsalar,Irilta,21
Apsalar,K'rul,6
Apsalar,Kalam,20
Apsalar,Kallor,3
Apsalar,Kruppe,24
Apsalar,Lord of the Galayn,4
Apsalar,Lorn,3
Apsalar,Mallet,6
Apsalar,Mammot,22
Apsalar,Meese,39
Apsalar,Moby,13
Apsalar,Murillio,13
Apsalar,Ocelot,5
Apsalar,Pannion Seer,3
Apsalar,Quick Ben,4
Apsalar,Rallick Nom,38
Apsalar,Sorry,11
Apsalar,Tayschrenn,6
Apsalar,Trotts,3
Apsalar,Vorcan,19
Apsalar,Whiskeyjack,6
Aragan,Dujek Onearm,8
Aragan,Laseen,8
Aragan,Sorry,8
Baran,Blind,8
Baran,Doan,6
Baran,Gear,6
Baran,Oponn,5
Baran,Pallick,4
Baran,Quick Ben,22
Baran,Rood,4
Baran,Rope Cotillion,4
Baran,Shadowthrone Ammanas,12
Baran,Shan,7
Baruk,Caladan Brood,102
Baruk,Challice D'Arle,14
Baruk,Chert,3
Baruk,Circle Breaker,44
Baruk,Coll,77
Baruk,Crokus Younghand,184
Baruk,Crone,114
Baruk,D'rek,34
Baruk,Derudan,68
Baruk,Dessembrae,38
Baruk,Eel,79
Baruk,Estraysian D'Arle,25
Baruk,Fiddler,10
Baruk,Ganoes Stabro Paran,6
Baruk,Hedge,7
Baruk,Hood,14
Baruk,Icarium,28
Baruk,Irilta,2
Baruk,K'rul,19
Baruk,Kalam,13
Baruk,Kruppe,410
Baruk,Lady Orr,96
Baruk,Lady of Beggars,49
Baruk,Laseen,63
Baruk,Lord of the Galayn,9
Baruk,Mallet,9
Baruk,Mammot,183
Baruk,Meese,2
Baruk,Murillio,121
Baruk,Ocelot,43
Baruk,Oponn,107
Baruk,Osserc,23
Baruk,Pannion Seer,3
Baruk,Quick Ben,3
Baruk,Raest,2
Baruk,Rallick Nom,246
Baruk,Roald,110
Baruk,Scurve,4
Baruk,Silanah,3
Baruk,Simtal,43
Baruk,Sorry,4
Baruk,Sulty,3
Baruk,Tattersail,3
Baruk,Tayschrenn,40
Baruk,Travale,24
Baruk,Trotts,3
Baruk,Turban Orr,117
Baruk,Vorcan,177
Baruk,Whiskeyjack,13
Bellurdan,Caladan Brood,10
Bellurdan,Calot,48
Bellurdan,Coll,4
Bellurdan,Dujek Onearm,35
Bellurdan,Fiddler,4
Bellurdan,Ganoes Stabro Paran,35
Bellurdan,Hairlock,68
Bellurdan,Kalam,8
Bellurdan,Laseen,7
Bellurdan,Lorn,17
Bellurdan,Mallet,7
Bellurdan,Napan tutor,2
Bellurdan,Nedurian,3
Bellurdan,Nightchill,35
Bellurdan,Oponn,9
Bellurdan,Quick Ben,11
Bellurdan,Scurve,2
Bellurdan,Shadowthrone Ammanas,2
Bellurdan,Sorry,2
Bellurdan,Sulty,3
Bellurdan,Tattersail,125
Bellurdan,Tayschrenn,73
Bellurdan,Whiskeyjack,10
Berrute,Circle Breaker,12
Berrute,Eel,7
Blind,Doan,8
Blind,Gear,8
Blind,Oponn,7
Blind,Pallick,6
Blind,Quick Ben,24
Blind,Rood,6
Blind,Rope Cotillion,6
Blind,Shadowthrone Ammanas,14
Blind,Shan,9
Boruld,Caladan Brood,3
Boruld,Dashtal,4
Boruld,Serrat,9
Boruld,Tayschrenn,3
Caladan Brood,Calot,37
Caladan Brood,Coll,8
Caladan Brood,Cowl,2
Caladan Brood,Crokus Younghand,28
Caladan Brood,Crone,84
Caladan Brood,D'rek,3
Caladan Brood,Dashtal,3
Caladan Brood,Dassem Ultor,4
Caladan Brood,Dessembrae,3
Caladan Brood,Doan,2
Caladan Brood,Dujek Onearm,86
Caladan Brood,Eel,5
Caladan Brood,Fiddler,16
Caladan Brood,Fingers,6
Caladan Brood,Ganoes Stabro Paran,124
Caladan Brood,Gear,6
Caladan Brood,Hairlock,42
Caladan Brood,Hedge,3
Caladan Brood,Hurtle,9
Caladan Brood,Icarium,3
Caladan Brood,Jorrick Sharplance,38
Caladan Brood,K'azz D'Avore,42
Caladan Brood,Kalam,24
Caladan Brood,Kallor,44
Caladan Brood,Kin Clip,5
Caladan Brood,Kruppe,2
Caladan Brood,Lady Orr,33
Caladan Brood,Lady of Beggars,33
Caladan Brood,Laseen,21
Caladan Brood,Lord of the Galayn,10
Caladan Brood,Lorn,55
Caladan Brood,Mallet,9
Caladan Brood,Mammot,17
Caladan Brood,Mother Dark,2
Caladan Brood,Napan tutor,8
Caladan Brood,Nedurian,9
Caladan Brood,Oponn,69
Caladan Brood,Osserc,2
Caladan Brood,Quick Ben,16
Caladan Brood,Roald,2
Caladan Brood,Rood,2
Caladan Brood,Serrat,10
Caladan Brood,Shadowthrone Ammanas,10
Caladan Brood,Sorry,5
Caladan Brood,Tattersail,79
Caladan Brood,Tayschrenn,81
Caladan Brood,Toc  the Elder ,4
Caladan Brood,Toc the Younger,14
Caladan Brood,Trotts,6
Caladan Brood,Vorcan,3
Caladan Brood,Whiskeyjack,30
Calot,Dancer,5
Calot,Dujek Onearm,61
Calot,Fiddler,31
Calot,Hairlock,104
Calot,Hood,3
Calot,Kalam,14
Calot,Lady Orr,5
Calot,Lady of Beggars,5
Calot,Laseen,33
Calot,Napan tutor,31
Calot,Nedurian,32
Calot,Nightchill,15
Calot,Oponn,10
Calot,Quick Ben,14
Calot,Tattersail,132
Calot,Tayschrenn,81
Calot,Whiskeyjack,4
Challice D'Arle,Chert,2
Challice D'Arle,Circle Breaker,6
Challice D'Arle,Coll,2
Challice D'Arle,Crokus Younghand,141
Challice D'Arle,D'rek,4
Challice D'Arle,Derudan,6
Challice D'Arle,Dessembrae,4
Challice D'Arle,Eel,8
Challice D'Arle,Estraysian D'Arle,39
Challice D'Arle,Gorlas Vidikas,6
Challice D'Arle,Irilta,9
Challice D'Arle,K'rul,4
Challice D'Arle,Kalam,2
Challice D'Arle,Kruppe,59
Challice D'Arle,Krute of Talient,9
Challice D'Arle,Lady Orr,15
Challice D'Arle,Lady of Beggars,4
Challice D'Arle,Lim,2
Challice D'Arle,Mammot,13
Challice D'Arle,Meese,27
Challice D'Arle,Moby,6
Challice D'Arle,Murillio,19
Challice D'Arle,Oponn,5
Challice D'Arle,Pannion Seer,3
Challice D'Arle,Quick Ben,2
Challice D'Arle,Rallick Nom,55
Challice D'Arle,Simtal,4
Challice D'Arle,Sorry,4
Challice D'Arle,Talo Krafar,8
Challice D'Arle,Turban Orr,31
Challice D'Arle,Vorcan,2
Chert,Coll,23
Chert,Crokus Younghand,58
Chert,Dessembrae,3
Chert,Irilta,7
Chert,Kruppe,68
Chert,Mammot,22
Chert,Meese,31
Chert,Murillio,15
Chert,Oponn,3
Chert,Pannion Seer,3
Chert,Rallick Nom,11
Chert,Scurve,6
Chert,Silanah,2
Chert,Sorry,6
Circle Breaker,Coll,10
Circle Breaker,Crokus Younghand,25
Circle Breaker,Crone,11
Circle Breaker,Eel,56
Circle Breaker,Fiddler,2
Circle Breaker,Icarium,3
Circle Breaker,Irilta,7
Circle Breaker,Kalam,6
Circle Breaker,Kruppe,87
Circle Breaker,Lady Orr,5
Circle Breaker,Lady of Beggars,2
Circle Breaker,Lorn,4
Circle Breaker,Mammot,6
Circle Breaker,Meese,12
Circle Breaker,Murillio,34
Circle Breaker,Ocelot,6
Circle Breaker,Rallick Nom,33
Circle Breaker,Roald,5
Circle Breaker,Scurve,2
Circle Breaker,Simtal,3
Circle Breaker,Stillis,4
Circle Breaker,Sulty,2
Circle Breaker,Turban Orr,23
Coll,Cowl,3
Coll,Crokus Younghand,159
Coll,Dujek Onearm,20
Coll,Eel,24
Coll,Estraysian D'Arle,4
Coll,Fiddler,13
Coll,Fingers,7
Coll,Ganoes Stabro Paran,120
Coll,Hairlock,5
Coll,Hedge,4
Coll,Hood,5
Coll,Icarium,5
Coll,Irilta,16
Coll,K'rul,2
Coll,Kalam,32
Coll,Kallor,4
Coll,Kruppe,225
Coll,Lady Orr,13
Coll,Lady of Beggars,6
Coll,Laseen,7
Coll,Lim,2
Coll,Lord of the Galayn,5
Coll,Lorn,10
Coll,Mallet,16
Coll,Mammot,37
Coll,Meese,27
Coll,Murillio,114
Coll,Ocelot,26
Coll,Oponn,24
Coll,Pannion Seer,18
Coll,Quick Ben,5
Coll,Raest,2
Coll,Rallick Nom,138
Coll,Roald,3
Coll,Scurve,10
Coll,Serrat,3
Coll,Shadowthrone Ammanas,4
Coll,Simtal,7
Coll,Sorry,4
Coll,Sulty,21
Coll,Tattersail,9
Coll,Tayschrenn,15
Coll,Trotts,4
Coll,Turban Orr,26
Coll,Vildron,9
Coll,Vorcan,10
Coll,Whiskeyjack,19
Cowl,Crokus Younghand,9
Cowl,Fingers,6
Cowl,Oponn,2
Cowl,Serrat,2
Crokus Younghand,D'rek,37
Crokus Younghand,Derudan,21
Crokus Younghand,Dessembrae,42
Crokus Younghand,Eel,44
Crokus Younghand,Ektalm,25
Crokus Younghand,Estraysian D'Arle,100
Crokus Younghand,Fiddler,8
Crokus Younghand,Fingers,13
Crokus Younghand,Ganoes Stabro Paran,20
Crokus Younghand,Gorlas Vidikas,22
Crokus Younghand,Grallin,13
Crokus Younghand,Hood,6
Crokus Younghand,Icarium,4
Crokus Younghand,Irilta,73
Crokus Younghand,K'rul,53
Crokus Younghand,Kalam,42
Crokus Younghand,Kruppe,459
Crokus Younghand,Krute of Talient,10
Crokus Younghand,Lady Orr,44
Crokus Younghand,Lady of Beggars,40
Crokus Younghand,Lord of the Galayn,20
Crokus Younghand,Lorn,2
Crokus Younghand,Mammot,193
Crokus Younghand,Meese,120
Crokus Younghand,Moby,49
Crokus Younghand,Murillio,171
Crokus Younghand,Ocelot,31
Crokus Younghand,Oponn,56
Crokus Younghand,Osserc,3
Crokus Younghand,Pannion Seer,35
Crokus Younghand,Quick Ben,13
Crokus Younghand,Rallick Nom,296
Crokus Younghand,Roald,7
Crokus Younghand,Sandenay,25
Crokus Younghand,Scurve,20
Crokus Younghand,Serrat,9
Crokus Younghand,Shadowthrone Ammanas,3
Crokus Younghand,Silanah,4
Crokus Younghand,Simtal,7
Crokus Younghand,Sorry,42
Crokus Younghand,Sulty,44
Crokus Younghand,Tarlow,2
Crokus Younghand,Travale,9
Crokus Younghand,Turban Orr,51
Crokus Younghand,Vorcan,71
Crokus Younghand,Whiskeyjack,5
Crone,Doan,2
Crone,Eel,12
Crone,Ganoes Stabro Paran,30
Crone,Gear,6
Crone,Hairlock,6
Crone,Hurtle,23
Crone,Jorrick Sharplance,26
Crone,K'azz D'Avore,22
Crone,Kallor,26
Crone,Kin Clip,19
Crone,Kruppe,10
Crone,Lady Orr,35
Crone,Lady of Beggars,21
Crone,Laseen,2
Crone,Mammot,10
Crone,Mother Dark,2
Crone,Oponn,35
Crone,Roald,12
Crone,Rood,2
Crone,Shadowthrone Ammanas,10
Crone,Silanah,8
Crone,Tattersail,2
Crone,Tayschrenn,8
Crone,Turban Orr,27
Crown,Kalam,2
Crown,Lady Orr,3
Crown,Lady of Beggars,3
Crown,Oponn,8
Crown,Quick Ben,2
Crown,Shadowthrone Ammanas,3
Crown,Sorry,2
Crown,Tattersail,19
Crown,Tayschrenn,11
Crown,Whiskeyjack,3
D'rek,Dessembrae,4
D'rek,Estraysian D'Arle,4
D'rek,K'rul,2
D'rek,Kruppe,42
D'rek,Lady Orr,6
D'rek,Lady of Beggars,2
D'rek,Laseen,5
D'rek,Mammot,6
D'rek,Oponn,6
D'rek,Rallick Nom,7
D'rek,Turban Orr,7
D'rek,Vorcan,2
Dancer,Dujek Onearm,2
Dancer,Eitholos Ilm,2
Dancer,Galad Ketan,2
Dancer,Hairlock,14
Dancer,Horult,3
Dancer,Kalam,2
Dancer,Kilava Onass,2
Dancer,Korlat,7
Dancer,Lady Orr,2
Dancer,Lady of Beggars,2
Dancer,Logros,3
Dancer,Lorn,7
Dancer,Olar Ethil,2
Dancer,Onak Shendok,2
Dancer,Onos T'oolan,2
Dancer,Oponn,7
Dancer,Orfantal,2
Dancer,Serrat,2
Dancer,Tattersail,16
Dancer,Tayschrenn,6
Dashtal,Serrat,9
Dashtal,Tayschrenn,3
Dassem Ultor,Dujek Onearm,6
Dassem Ultor,Fiddler,11
Dassem Ultor,Ganoes Stabro Paran,24
Dassem Ultor,Hairlock,13
Dassem Ultor,Hood,5
Dassem Ultor,Kalam,19
Dassem Ultor,Kellanved,5
Dassem Ultor,Laseen,11
Dassem Ultor,Napan tutor,5
Dassem Ultor,Oponn,4
Dassem Ultor,Quick Ben,25
Dassem Ultor,Shadowthrone Ammanas,5
Dassem Ultor,Sorry,7
Dassem Ultor,Surly,4
Dassem Ultor,Tattersail,31
Dassem Ultor,Tayschrenn,16
Dassem Ultor,Whiskeyjack,16
Derudan,Estraysian D'Arle,10
Derudan,Fiddler,7
Derudan,Ganoes Stabro Paran,8
Derudan,Hedge,9
Derudan,Hood,2
Derudan,Kalam,10
Derudan,Lady Orr,7
Derudan,Mallet,4
Derudan,Mammot,34
Derudan,Quick Ben,24
Derudan,Rallick Nom,32
Derudan,Simtal,11
Derudan,Travale,14
Derudan,Turban Orr,11
Derudan,Vorcan,33
Derudan,Whiskeyjack,5
Dessembrae,Estraysian D'Arle,4
Dessembrae,K'rul,2
Dessembrae,Kruppe,84
Dessembrae,Lady Orr,6
Dessembrae,Lady of Beggars,2
Dessembrae,Laseen,5
Dessembrae,Mammot,27
Dessembrae,Murillio,3
Dessembrae,Oponn,6
Dessembrae,Rallick Nom,12
Dessembrae,Silanah,3
Dessembrae,Turban Orr,7
Dessembrae,Vorcan,2
Detoran,Fiddler,2
Detoran,Hairlock,10
Detoran,Hedge,2
Detoran,Laseen,2
Detoran,Quick Ben,3
Detoran,Tattersail,26
Detoran,Tayschrenn,4
Detoran,Whiskeyjack,4
Doan,Ganoes Stabro Paran,30
Doan,Gear,12
Doan,Hairlock,6
Doan,Laseen,2
Doan,Mother Dark,2
Doan,Oponn,17
Doan,Pallick,4
Doan,Quick Ben,22
Doan,Rood,6
Doan,Rope Cotillion,4
Doan,Shadowthrone Ammanas,22
Doan,Shan,7
Doan,Tattersail,2
Dujek Onearm,Eitholos Ilm,2
Dujek Onearm,Fiddler,83
Dujek Onearm,Galad Ketan,2
Dujek Onearm,Ganoes Stabro Paran,204
Dujek Onearm,Hairlock,95
Dujek Onearm,Hedge,13
Dujek Onearm,Hood,5
Dujek Onearm,Jakatakan Élites,3
Dujek Onearm,K'azz D'Avore,44
Dujek Onearm,Kalam,111
Dujek Onearm,Kallor,8
Dujek Onearm,Kellanved,3
Dujek Onearm,Kilava Onass,2
Dujek Onearm,Laseen,60
Dujek Onearm,Logros,3
Dujek Onearm,Lord of the Galayn,6
Dujek Onearm,Lorn,175
Dujek Onearm,Mallet,49
Dujek Onearm,Napan tutor,16
Dujek Onearm,Nedurian,17
Dujek Onearm,Nightchill,6
Dujek Onearm,Olar Ethil,2
Dujek Onearm,Onak Shendok,2
Dujek Onearm,Onos T'oolan,5
Dujek Onearm,Oponn,87
Dujek Onearm,Pannion Seer,3
Dujek Onearm,Quick Ben,66
Dujek Onearm,Scurve,13
Dujek Onearm,Shadowthrone Ammanas,34
Dujek Onearm,Sorry,40
Dujek Onearm,Sulty,10
Dujek Onearm,Surly,5
Dujek Onearm,Tattersail,285
Dujek Onearm,Tayschrenn,209
Dujek Onearm,Toc  the Elder ,23
Dujek Onearm,Toc the Younger,73
Dujek Onearm,Topper,10
Dujek Onearm,Trotts,13
Dujek Onearm,Whiskeyjack,161
Eel,Fiddler,2
Eel,Gorlas Vidikas,2
Eel,Hairlock,3
Eel,Icarium,10
Eel,Irilta,21
Eel,Kalam,19
Eel,Kruppe,126
Eel,Lady Orr,4
Eel,Lady of Beggars,3
Eel,Lorn,5
Eel,Mammot,18
Eel,Meese,32
Eel,Murillio,43
Eel,Ocelot,14
Eel,Oponn,4
Eel,Osserc,5
Eel,Quick Ben,10
Eel,Rallick Nom,64
Eel,Roald,11
Eel,Simtal,4
Eel,Sulty,9
Eel,Tayschrenn,2
Eel,Turban Orr,38
Eitholos Ilm,Galad Ketan,2
Eitholos Ilm,Kilava Onass,2
Eitholos Ilm,Logros,3
Eitholos Ilm,Lorn,7
Eitholos Ilm,Olar Ethil,2
Eitholos Ilm,Onak Shendok,2
Eitholos Ilm,Onos T'oolan,2
Ektalm,Mammot,18
Ektalm,Moby,5
Ektalm,Rallick Nom,2
Ektalm,Sandenay,2
Estraysian D'Arle,Irilta,2
Estraysian D'Arle,K'rul,4
Estraysian D'Arle,Kalam,3
Estraysian D'Arle,Kruppe,55
Estraysian D'Arle,Krute of Talient,9
Estraysian D'Arle,Lady Orr,21
Estraysian D'Arle,Lady of Beggars,4
Estraysian D'Arle,Lim,4
Estraysian D'Arle,Mammot,13
Estraysian D'Arle,Meese,12
Estraysian D'Arle,Moby,4
Estraysian D'Arle,Murillio,19
Estraysian D'Arle,Oponn,8
Estraysian D'Arle,Quick Ben,3
Estraysian D'Arle,Rallick Nom,60
Estraysian D'Arle,Simtal,10
Estraysian D'Arle,Sorry,2
Estraysian D'Arle,Talo Krafar,8
Estraysian D'Arle,Turban Orr,36
Estraysian D'Arle,Vorcan,2
Felisin,Ganoes Stabro Paran,5
Felisin,Tavore,5
Fiddler,Ganoes Stabro Paran,109
Fiddler,Hairlock,59
Fiddler,Hedge,93
Fiddler,Hood,8
Fiddler,Kalam,196
Fiddler,Kallor,5
Fiddler,Kellanved,8
Fiddler,Lady Orr,5
Fiddler,Laseen,22
Fiddler,Lord of the Galayn,11
Fiddler,Lorn,33
Fiddler,Mallet,132
Fiddler,Mammot,10
Fiddler,Napan tutor,2
Fiddler,Nedurian,3
Fiddler,Oponn,5
Fiddler,Pannion Seer,9
Fiddler,Quick Ben,151
Fiddler,Scurve,2
Fiddler,Shadowthrone Ammanas,19
Fiddler,Simtal,6
Fiddler,Sorry,87
Fiddler,Stillis,2
Fiddler,Sulty,3
Fiddler,Tattersail,123
Fiddler,Tayschrenn,83
Fiddler,Trotts,54
Fiddler,Turban Orr,5
Fiddler,Whiskeyjack,179
Fingers,Oponn,6
Fingers,Serrat,6
Galad Ketan,Kilava Onass,2
Galad Ketan,Logros,3
Galad Ketan,Lorn,7
Galad Ketan,Olar Ethil,2
Galad Ketan,Onak Shendok,2
Galad Ketan,Onos T'oolan,2
Gamet,Ganoes Stabro Paran,13
Ganoes Stabro Paran,Gear,46
Ganoes Stabro Paran,Hairlock,254
Ganoes Stabro Paran,Hedge,108
Ganoes Stabro Paran,Hood,30
Ganoes Stabro Paran,Jakatakan Élites,6
Ganoes Stabro Paran,K'azz D'Avore,2
Ganoes Stabro Paran,K'rul,4
Ganoes Stabro Paran,Kalam,236
Ganoes Stabro Paran,Kallor,30
Ganoes Stabro Paran,Kruppe,15
Ganoes Stabro Paran,Lady Orr,22
Ganoes Stabro Paran,Lady of Beggars,20
Ganoes Stabro Paran,Laseen,177
Ganoes Stabro Paran,Lord of the Galayn,17
Ganoes Stabro Paran,Lorn,363
Ganoes Stabro Paran,Mallet,205
Ganoes Stabro Paran,Mammot,20
Ganoes Stabro Paran,Mother Dark,30
Ganoes Stabro Paran,Napan tutor,22
Ganoes Stabro Paran,Nightchill,17
Ganoes Stabro Paran,Ocelot,3
Ganoes Stabro Paran,Onos T'oolan,7
Ganoes Stabro Paran,Oponn,279
Ganoes Stabro Paran,Pannion Seer,11
Ganoes Stabro Paran,Picker,42
Ganoes Stabro Paran,Quick Ben,162
Ganoes Stabro Paran,Raest,15
Ganoes Stabro Paran,Rallick Nom,21
Ganoes Stabro Paran,Rood,30
Ganoes Stabro Paran,Rope Cotillion,12
Ganoes Stabro Paran,Scurve,42
Ganoes Stabro Paran,Shadowthrone Ammanas,173
Ganoes Stabro Paran,Silanah,5
Ganoes Stabro Paran,Simtal,3
Ganoes Stabro Paran,Sorry,84
Ganoes Stabro Paran,Stillis,3
Ganoes Stabro Paran,Sulty,29
Ganoes Stabro Paran,Surly,19
Ganoes Stabro Paran,Tattersail,344
Ganoes Stabro Paran,Tavore,6
Ganoes Stabro Paran,Tayschrenn,234
Ganoes Stabro Paran,Toc  the Elder ,51
Ganoes Stabro Paran,Toc the Younger,108
Ganoes Stabro Paran,Topper,73
Ganoes Stabro Paran,Trotts,50
Ganoes Stabro Paran,Turban Orr,2
Ganoes Stabro Paran,Vildron,13
Ganoes Stabro Paran,Vorcan,17
Ganoes Stabro Paran,Whiskeyjack,253
Gear,Hairlock,54
Gear,Hood,2
Gear,Laseen,6
Gear,Mother Dark,6
Gear,Oponn,28
Gear,Pallick,4
Gear,Quick Ben,46
Gear,Rood,10
Gear,Rope Cotillion,4
Gear,Shadowthrone Ammanas,43
Gear,Shan,7
Gear,Tattersail,37
Gear,Tayschrenn,12
Gorlas Vidikas,Kruppe,14
Gorlas Vidikas,Mammot,4
Gorlas Vidikas,Meese,4
Gorlas Vidikas,Murillio,7
Gorlas Vidikas,Pannion Seer,5
Gorlas Vidikas,Rallick Nom,4
Grallin,K'rul,4
Grallin,Kruppe,4
Grallin,Murillio,4
Hairlock,Hedge,20
Hairlock,Hood,44
Hairlock,Kalam,131
Hairlock,Kellanved,10
Hairlock,Lady Orr,14
Hairlock,Lady of Beggars,14
Hairlock,Laseen,65
Hairlock,Lorn,16
Hairlock,Mallet,24
Hairlock,Mother Dark,6
Hairlock,Napan tutor,26
Hairlock,Nedurian,27
Hairlock,Nightchill,18
Hairlock,Oponn,104
Hairlock,Picker,8
Hairlock,Quick Ben,182
Hairlock,Rood,6
Hairlock,Scurve,3
Hairlock,Shadowthrone Ammanas,56
Hairlock,Sorry,30
Hairlock,Sulty,4
Hairlock,Tattersail,419
Hairlock,Tayschrenn,220
Hairlock,Toc  the Elder ,8
Hairlock,Toc the Younger,22
Hairlock,Trotts,8
Hairlock,Whiskeyjack,79
Hedge,Hood,3
Hedge,Kalam,110
Hedge,Kallor,2
Hedge,Laseen,9
Hedge,Lord of the Galayn,9
Hedge,Lorn,28
Hedge,Mallet,103
Hedge,Mammot,9
Hedge,Oponn,4
Hedge,Pannion Seer,6
Hedge,Picker,21
Hedge,Quick Ben,90
Hedge,Shadowthrone Ammanas,11
Hedge,Simtal,7
Hedge,Sorry,37
Hedge,Stillis,2
Hedge,Tattersail,47
Hedge,Tayschrenn,19
Hedge,Trotts,41
Hedge,Whiskeyjack,84
Hood,K'rul,6
Hood,Kalam,43
Hood,Kellanved,2
Hood,Kruppe,45
Hood,Laseen,4
Hood,Lorn,4
Hood,Mammot,7
Hood,Murillio,16
Hood,Onos T'oolan,3
Hood,Oponn,11
Hood,Quick Ben,64
Hood,Raest,15
Hood,Rallick Nom,3
Hood,Shadowthrone Ammanas,7
Hood,Silanah,5
Hood,Sorry,4
Hood,Tattersail,48
Hood,Tayschrenn,16
Hood,Whiskeyjack,11
Horult,Korlat,8
Horult,Orfantal,3
Horult,Serrat,3
Hurtle,Kin Clip,10
Icarium,Kruppe,37
Icarium,Lady Orr,4
Icarium,Lady of Beggars,3
Icarium,Mammot,16
Icarium,Murillio,16
Icarium,Osserc,3
Icarium,Rallick Nom,7
Icarium,Roald,3
Icarium,Simtal,4
Icarium,Sulty,3
Icarium,Turban Orr,3
Ilgrand Lender,Laseen,5
Ilgrand Lender,Pannion Seer,4
Ilgrand Lender,Rigga,22
Ilgrand Lender,Rope Cotillion,3
Ilgrand Lender,Shadowthrone Ammanas,10
Irilta,Kalam,3
Irilta,Kruppe,36
Irilta,Mammot,6
Irilta,Meese,83
Irilta,Moby,4
Irilta,Murillio,6
Irilta,Ocelot,4
Irilta,Oponn,3
Irilta,Quick Ben,2
Irilta,Rallick Nom,24
Irilta,Scurve,6
Irilta,Sorry,16
Irilta,Sulty,4
Irilta,Turban Orr,5
Irilta,Whiskeyjack,2
Jakatakan Élites,Lorn,28
Jakatakan Élites,Onos T'oolan,2
Jakatakan Élites,Tayschrenn,2
Jakatakan Élites,Toc  the Elder ,6
Jakatakan Élites,Toc the Younger,9
Jakatakan Élites,Whiskeyjack,4
Jorrick Sharplance,K'azz D'Avore,8
Jorrick Sharplance,Kallor,12
Jorrick Sharplance,Lady Orr,7
Jorrick Sharplance,Lady of Beggars,7
Jorrick Sharplance,Oponn,9
K'azz D'Avore,Kallor,8
K'azz D'Avore,Lady Orr,3
K'azz D'Avore,Lady of Beggars,3
K'azz D'Avore,Lorn,37
K'azz D'Avore,Oponn,10
K'azz D'Avore,Tattersail,14
K'azz D'Avore,Tayschrenn,29
K'azz D'Avore,Toc the Younger,3
K'azz D'Avore,Whiskeyjack,2
K'rul,Kalam,4
K'rul,Kruppe,178
K'rul,Lady Orr,6
K'rul,Lady of Beggars,2
K'rul,Lord of the Galayn,4
K'rul,Murillio,2
K'rul,Ocelot,7
K'rul,Onos T'oolan,5
K'rul,Pran Chole,24
K'rul,Raest,17
K'rul,Rallick Nom,27
K'rul,Serrat,4
K'rul,Silanah,13
K'rul,Tattersail,17
K'rul,Turban Orr,7
Kalam,Kallor,3
Kalam,Kellanved,16
Kalam,Kruppe,23
Kalam,Lady Orr,7
Kalam,Lady of Beggars,5
Kalam,Laseen,56
Kalam,Lord of the Galayn,14
Kalam,Lorn,23
Kalam,Mallet,163
Kalam,Mammot,15
Kalam,Meese,3
Kalam,Ocelot,7
Kalam,Onos T'oolan,3
Kalam,Oponn,61
Kalam,Pannion Seer,10
Kalam,Pearl,15
Kalam,Picker,22
Kalam,Quick Ben,366
Kalam,Raest,15
Kalam,Rallick Nom,51
Kalam,Rope Cotillion,6
Kalam,Scurve,21
Kalam,Shadowthrone Ammanas,37
Kalam,Silanah,5
Kalam,Simtal,11
Kalam,Sorry,147
Kalam,Stillis,2
Kalam,Sulty,9
Kalam,Tattersail,186
Kalam,Tayschrenn,159
Kalam,Toc the Younger,2
Kalam,Trotts,66
Kalam,Turban Orr,2
Kalam,Vorcan,21
Kalam,Whiskeyjack,226
Kallor,Lady Orr,7
Kallor,Lady of Beggars,7
Kallor,Lord of the Galayn,3
Kallor,Lorn,5
Kallor,Mallet,7
Kallor,Oponn,9
Kallor,Quick Ben,3
Kallor,Tattersail,10
Kallor,Tayschrenn,7
Kallor,Toc  the Elder ,3
Kallor,Toc the Younger,4
Kallor,Trotts,2
Kallor,Whiskeyjack,10
Kellanved,Laseen,4
Kellanved,Quick Ben,22
Kellanved,Shadowthrone Ammanas,2
Kellanved,Sorry,4
Kellanved,Tattersail,28
Kellanved,Tayschrenn,9
Kellanved,Whiskeyjack,8
Kilava Onass,Logros,3
Kilava Onass,Lorn,7
Kilava Onass,Olar Ethil,2
Kilava Onass,Onak Shendok,2
Kilava Onass,Onos T'oolan,2
Korlat,Orfantal,7
Korlat,Serrat,7
Kruppe,Krute of Talient,14
Kruppe,Lady Orr,121
Kruppe,Lady of Beggars,109
Kruppe,Mammot,210
Kruppe,Meese,67
Kruppe,Murillio,386
Kruppe,Ocelot,21
Kruppe,Onos T'oolan,13
Kruppe,Oponn,135
Kruppe,Osserc,2
Kruppe,Pannion Seer,9
Kruppe,Pran Chole,83
Kruppe,Quick Ben,10
Kruppe,Raest,32
Kruppe,Rallick Nom,528
Kruppe,Roald,42
Kruppe,Scurve,27
Kruppe,Silanah,61
Kruppe,Simtal,50
Kruppe,Sorry,20
Kruppe,Sulty,72
Kruppe,Tarlow,2
Kruppe,Tattersail,89
Kruppe,Turban Orr,133
Kruppe,Vorcan,56
Kruppe,Whiskeyjack,6
Krute of Talient,Mammot,8
Krute of Talient,Murillio,24
Krute of Talient,Rallick Nom,22
Lady Orr,Lady of Beggars,42
Lady Orr,Lim,15
Lady Orr,Lorn,2
Lady Orr,Mallet,5
Lady Orr,Mammot,5
Lady Orr,Murillio,31
Lady Orr,Ocelot,3
Lady Orr,Oponn,25
Lady Orr,Quick Ben,5
Lady Orr,Raest,2
Lady Orr,Rallick Nom,77
Lady Orr,Roald,3
Lady Orr,Shadowthrone Ammanas,6
Lady Orr,Simtal,33
Lady Orr,Sorry,3
Lady Orr,Sulty,3
Lady Orr,Tattersail,36
Lady Orr,Tayschrenn,20
Lady Orr,Turban Orr,85
Lady Orr,Vorcan,7
Lady Orr,Whiskeyjack,7
Lady of Beggars,Lim,8
Lady of Beggars,Lorn,2
Lady of Beggars,Mallet,5
Lady of Beggars,Mammot,4
Lady of Beggars,Murillio,29
Lady of Beggars,Oponn,25
Lady of Beggars,Quick Ben,3
Lady of Beggars,Rallick Nom,39
Lady of Beggars,Roald,3
Lady of Beggars,Shadowthrone Ammanas,6
Lady of Beggars,Simtal,13
Lady of Beggars,Sorry,3
Lady of Beggars,Sulty,2
Lady of Beggars,Tattersail,36
Lady of Beggars,Tayschrenn,18
Lady of Beggars,Turban Orr,21
Lady of Beggars,Vorcan,2
Lady of Beggars,Whiskeyjack,4
Laseen,Logros,3
Laseen,Lorn,67
Laseen,Mallet,15
Laseen,Mammot,9
Laseen,Mother Dark,2
Laseen,Napan tutor,12
Laseen,Nedurian,5
Laseen,Onos T'oolan,2
Laseen,Oponn,45
Laseen,Pannion Seer,7
Laseen,Quick Ben,37
Laseen,Rigga,25
Laseen,Roald,3
Laseen,Rood,2
Laseen,Rope Cotillion,6
Laseen,Scurve,7
Laseen,Shadowthrone Ammanas,36
Laseen,Sorry,17
Laseen,Sulty,4
Laseen,Surly,8
Laseen,Tattersail,135
Laseen,Tayschrenn,67
Laseen,Toc  the Elder ,5
Laseen,Toc the Younger,7
Laseen,Topper,22
Laseen,Trotts,6
Laseen,Vorcan,11
Laseen,Whiskeyjack,43
Lim,Ocelot,9
Lim,Osserc,2
Lim,Rallick Nom,42
Lim,Simtal,21
Lim,Talo Krafar,2
Lim,Turban Orr,21
Lim,Vorcan,6
Logros,Lorn,19
Logros,Olar Ethil,3
Logros,Onak Shendok,3
Logros,Onos T'oolan,3
Logros,Oponn,2
Logros,Tayschrenn,3
Lord of the Galayn,Lorn,5
Lord of the Galayn,Mallet,6
Lord of the Galayn,Oponn,2
Lord of the Galayn,Quick Ben,4
Lord of the Galayn,Serrat,2
Lord of the Galayn,Silanah,4
Lord of the Galayn,Simtal,3
Lord of the Galayn,Tayschrenn,13
Lord of the Galayn,Trotts,3
Lord of the Galayn,Whiskeyjack,6
Lorn,Mallet,45
Lorn,Meese,5
Lorn,Nightchill,5
Lorn,Olar Ethil,7
Lorn,Onak Shendok,7
Lorn,Onos T'oolan,45
Lorn,Oponn,118
Lorn,Picker,8
Lorn,Quick Ben,16
Lorn,Scurve,4
Lorn,Shadowthrone Ammanas,51
Lorn,Sorry,25
Lorn,Sulty,5
Lorn,Tattersail,169
Lorn,Tayschrenn,169
Lorn,Toc  the Elder ,59
Lorn,Toc the Younger,105
Lorn,Trotts,14
Lorn,Whiskeyjack,90
Mallet,Mammot,2
Mallet,Oponn,20
Mallet,Pannion Seer,11
Mallet,Picker,16
Mallet,Quick Ben,117
Mallet,Rope Cotillion,9
Mallet,Scurve,7
Mallet,Shadowthrone Ammanas,25
Mallet,Simtal,5
Mallet,Sorry,69
Mallet,Stillis,5
Mallet,Sulty,8
Mallet,Tattersail,52
Mallet,Tayschrenn,38
Mallet,Toc  the Elder ,3
Mallet,Toc the Younger,4
Mallet,Trotts,61
Mallet,Whiskeyjack,143
Mammot,Meese,18
Mammot,Moby,27
Mammot,Murillio,95
Mammot,Ocelot,2
Mammot,Oponn,18
Mammot,Osserc,10
Mammot,Pannion Seer,6
Mammot,Quick Ben,33
Mammot,Rallick Nom,128
Mammot,Roald,10
Mammot,Sandenay,18
Mammot,Scurve,2
Mammot,Silanah,20
Mammot,Simtal,17
Mammot,Sorry,4
Mammot,Sulty,10
Mammot,Travale,3
Mammot,Turban Orr,9
Mammot,Vorcan,47
Mammot,Whiskeyjack,11
Meese,Moby,14
Meese,Murillio,18
Meese,Ocelot,10
Meese,Oponn,17
Meese,Pannion Seer,3
Meese,Quick Ben,2
Meese,Rallick Nom,45
Meese,Scurve,20
Meese,Sorry,40
Meese,Sulty,10
Meese,Turban Orr,11
Meese,Whiskeyjack,2
Moby,Rallick Nom,9
Moby,Sandenay,5
Moby,Sorry,4
Mother Dark,Oponn,12
Mother Dark,Rood,2
Mother Dark,Shadowthrone Ammanas,10
Mother Dark,Tattersail,2
Murillio,Ocelot,32
Murillio,Oponn,25
Murillio,Pannion Seer,6
Murillio,Rallick Nom,251
Murillio,Roald,3
Murillio,Scurve,12
Murillio,Silanah,2
Murillio,Simtal,23
Murillio,Sorry,3
Murillio,Sulty,31
Murillio,Tarlow,3
Murillio,Turban Orr,41
Murillio,Vorcan,13
Napan tutor,Nedurian,3
Napan tutor,Surly,5
Napan tutor,Tattersail,35
Napan tutor,Tayschrenn,18
Napan tutor,Topper,5
Nedurian,Tattersail,36
Nedurian,Tayschrenn,19
Nightchill,Quick Ben,3
Nightchill,Tattersail,61
Nightchill,Tayschrenn,28
Nightchill,Toc  the Elder ,5
Nightchill,Toc the Younger,6
Ocelot,Osserc,9
Ocelot,Raest,3
Ocelot,Rallick Nom,228
Ocelot,Scurve,7
Ocelot,Sulty,2
Ocelot,Talo Krafar,9
Ocelot,Tarlow,6
Ocelot,Turban Orr,16
Ocelot,Vorcan,44
Olar Ethil,Onak Shendok,2
Olar Ethil,Onos T'oolan,2
Onak Shendok,Onos T'oolan,2
Onos T'oolan,Oponn,2
Onos T'oolan,Raest,16
Onos T'oolan,Silanah,6
Onos T'oolan,Sorry,3
Onos T'oolan,Tayschrenn,2
Onos T'oolan,Toc  the Elder ,2
Onos T'oolan,Toc the Younger,4
Oponn,Pallick,3
Oponn,Pannion Seer,2
Oponn,Picker,2
Oponn,Quick Ben,59
Oponn,Rallick Nom,23
Oponn,Roald,6
Oponn,Rood,15
Oponn,Rope Cotillion,3
Oponn,Scurve,13
Oponn,Serrat,12
Oponn,Shadowthrone Ammanas,77
Oponn,Shan,6
Oponn,Sorry,33
Oponn,Sulty,6
Oponn,Tattersail,231
Oponn,Tayschrenn,129
Oponn,Toc  the Elder ,16
Oponn,Toc the Younger,31
Oponn,Turban Orr,6
Oponn,Vorcan,11
Oponn,Whiskeyjack,55
Orfantal,Serrat,2
Osserc,Rallick Nom,21
Osserc,Roald,2
Osserc,Talo Krafar,2
Osserc,Vorcan,3
Pallick,Quick Ben,20
Pallick,Rood,2
Pallick,Rope Cotillion,2
Pallick,Shadowthrone Ammanas,10
Pallick,Shan,5
Pannion Seer,Quick Ben,4
Pannion Seer,Rigga,24
Pannion Seer,Rope Cotillion,5
Pannion Seer,Shadowthrone Ammanas,17
Pannion Seer,Sorry,3
Pannion Seer,Tayschrenn,2
Pannion Seer,Trotts,2
Pannion Seer,Whiskeyjack,18
Pearl,Quick Ben,23
Pearl,Tayschrenn,10
Picker,Quick Ben,9
Picker,Tattersail,19
Picker,Tayschrenn,3
Pran Chole,Rallick Nom,18
Pran Chole,Tattersail,22
Quick Ben,Rallick Nom,15
Quick Ben,Rood,20
Quick Ben,Rope Cotillion,20
Quick Ben,Shadowthrone Ammanas,83
Quick Ben,Shan,23
Quick Ben,Simtal,6
Quick Ben,Sorry,116
Quick Ben,Stillis,6
Quick Ben,Tattersail,258
Quick Ben,Tayschrenn,155
Quick Ben,Toc the Younger,2
Quick Ben,Trotts,69
Quick Ben,Turban Orr,2
Quick Ben,Whiskeyjack,206
Raest,Rallick Nom,12
Raest,Silanah,28
Raest,Turban Orr,3
Raest,Vorcan,3
Rallick Nom,Roald,3
Rallick Nom,Sandenay,2
Rallick Nom,Scurve,27
Rallick Nom,Silanah,4
Rallick Nom,Simtal,51
Rallick Nom,Sorry,5
Rallick Nom,Sulty,45
Rallick Nom,Talo Krafar,21
Rallick Nom,Tarlow,21
Rallick Nom,Tattersail,6
Rallick Nom,Travale,4
Rallick Nom,Turban Orr,127
Rallick Nom,Vorcan,136
Rigga,Rope Cotillion,23
Rigga,Shadowthrone Ammanas,30
Roald,Turban Orr,5
Roald,Vorcan,10
Rood,Rope Cotillion,2
Rood,Shadowthrone Ammanas,20
Rood,Shan,5
Rood,Tattersail,2
Rope Cotillion,Shadowthrone Ammanas,21
Rope Cotillion,Shan,5
Rope Cotillion,Sorry,3
Scurve,Shadowthrone Ammanas,2
Scurve,Sorry,10
Scurve,Sulty,3
Scurve,Tarlow,3
Scurve,Tattersail,7
Scurve,Tayschrenn,6
Scurve,Vorcan,5
Scurve,Whiskeyjack,10
Serrat,Silanah,4
Serrat,Tayschrenn,8
Shadowthrone Ammanas,Shan,13
Shadowthrone Ammanas,Sorry,21
Shadowthrone Ammanas,Sulty,3
Shadowthrone Ammanas,Tattersail,150
Shadowthrone Ammanas,Tayschrenn,53
Shadowthrone Ammanas,Toc  the Elder ,5
Shadowthrone Ammanas,Toc the Younger,7
Shadowthrone Ammanas,Trotts,8
Shadowthrone Ammanas,Whiskeyjack,35
Simtal,Stillis,2
Simtal,Sulty,3
Simtal,Tayschrenn,2
Simtal,Trotts,5
Simtal,Turban Orr,48
Simtal,Vorcan,14
Simtal,Whiskeyjack,2
Sorry,Sulty,3
Sorry,Tattersail,92
Sorry,Tayschrenn,44
Sorry,Toc the Younger,2
Sorry,Trotts,28
Sorry,Whiskeyjack,114
Stillis,Trotts,5
Stillis,Whiskeyjack,2
Sulty,Tattersail,6
Sulty,Tayschrenn,7
Sulty,Turban Orr,5
Sulty,Whiskeyjack,11
Surly,Topper,9
Surly,Whiskeyjack,4
Talo Krafar,Vorcan,11
Tarlow,Vorcan,4
Tattersail,Tayschrenn,474
Tattersail,Toc  the Elder ,55
Tattersail,Toc the Younger,101
Tattersail,Trotts,2
Tattersail,Whiskeyjack,233
Tayschrenn,Toc  the Elder ,27
Tayschrenn,Toc the Younger,68
Tayschrenn,Trotts,5
Tayschrenn,Turban Orr,2
Tayschrenn,Whiskeyjack,148
Toc  the Elder ,Toc the Younger,31
Toc  the Elder ,Whiskeyjack,12
Toc the Younger,Whiskeyjack,22
Topper,Whiskeyjack,9
Travale,Vorcan,16
Trotts,Whiskeyjack,67
Turban Orr,Vorcan,13
Turban Orr,Whiskeyjack,3
